<?xml version="1.0" encoding="UTF-8"?>
<!DOCTYPE hibernate-configuration PUBLIC
        "-//Hibernate/Hibernate Configuration DTD 3.0//EN"
        "http://hibernate.sourceforge.net/hibernate-configuration-3.0.dtd">

<hibernate-configuration>
    <session-factory>

        <!-- SQLite bağlantısı -->
        <property name="hibernate.connection.driver_class">org.sqlite.JDBC</property>
        <property name="hibernate.connection.url">jdbc:sqlite:smartlibraryplus.db</property>
        <property name="hibernate.dialect">util.SQLiteDialect</property>
        <property name="hibernate.id.new_generator_mappings">false</property>


        <!-- Otomatik tablo oluşturma -->
        <property name="hbm2ddl.auto">create</property>

        <!-- SQL çıktısını konsolda göster -->
        <property name="hibernate.show_sql">true</property>
        <property name="hibernate.format_sql">true</property>

        <!-- Entity class’ları -->
        <mapping class="entity.Book"/>
        <mapping class="entity.Student"/>
        <mapping class="entity.Loan"/>

    </session-factory>
</hibernate-configuration>
